YYYY-Mon-Day,RA,DEC,dRA,dDEC,Parts,Rate,RLI,CRLI
2019-Oct-21,112.90054166666668,22.82108333333333,14.867208333333295,-1.6239999999999988,14.955643069648826,0.058637981093523805,1.226506442124954,0.0
2019-Oct-22,127.76774999999998,21.19708333333333,14.72225000000006,-2.9468611111111116,15.01428105074235,-0.02684817070832146,1.2851444232184779,1.226506442124954
2019-Oct-23,142.49000000000004,18.25022222222222,14.41512499999996,-4.102111111111105,14.987432880034028,-0.05835906536839808,1.2582962525101564,2.511650865343432
2019-Oct-24,156.905125,14.148111111111115,14.068000000000012,-4.996861111111116,14.92907381466563,-0.06026182692777127,1.1999371871417583,3.7699471178535884
2019-Oct-25,170.973125,9.15125,13.787999999999982,-5.565305555555554,14.868811987737859,-0.058076302609940456,1.139675360213987,4.969884304995347
2019-Oct-26,184.761125,3.585944444444445,13.64091666666664,-5.769166666666667,14.810735685127918,-0.06263591037559912,1.0815990576040466,6.109559665209334
2019-Oct-27,198.40204166666663,-2.1832222222222217,13.644666666666666,-5.597277777777779,14.748099774752319,-0.07397211352299671,1.0189631472284475,7.19115872281338
2019-Oct-28,212.0467083333333,-7.780500000000001,13.771333333333331,-5.067583333333334,14.674127661229322,-0.0943760203434163,0.9449910337054508,8.210121870041828
2019-Oct-29,225.81804166666663,-12.848083333333335,13.953291666666672,-4.227861111111107,14.579751640885906,-0.13486136376523916,0.8506150133620345,9.155112903747279
2019-Oct-30,239.7713333333333,-17.075944444444442,14.09633333333332,-3.154083333333336,14.444890277120667,-0.20587123459520384,0.7157536495967953,10.005727917109313
2019-Oct-31,253.86766666666662,-20.230027777777778,14.105874999999997,-1.9426666666666712,14.239019042525463,-0.3005881262357679,0.5098824150015915,10.721481566706109
2019-Nov-01,267.9735416666666,-22.17269444444445,13.92100000000005,-0.6968611111111045,13.938430916289695,-0.3895101410540658,0.20929428876582357,11.2313639817077
2019-Nov-02,281.89454166666667,-22.869555555555554,13.54000000000002,0.4915833333333275,13.54892077523563,-0.4374782920762357,-0.18021585228824222,11.440658270473524
2019-Nov-03,295.4345416666667,-22.377972222222226,13.01858333333331,1.5576944444444472,13.111442483159394,-0.42559989561851275,-0.6176941443644779,11.260442418185281
2019-Nov-04,308.453125,-20.82027777777778,12.443416666666735,2.468194444444446,12.685842587540881,-0.3579476736902869,-1.0432940399829906,10.642748273820803
2019-Nov-05,320.89654166666674,-18.352083333333333,11.900999999999954,3.216083333333332,12.327894913850594,-0.25272430655831535,-1.4012417136732775,9.599454233837813
2019-Nov-06,332.7975416666667,-15.136000000000001,11.458833333333303,3.8085277777777797,12.075170607292279,-0.12981853851385772,-1.653966020231593,8.198212520164535
2019-Nov-07,344.256375,-11.327472222222221,11.161500000000046,4.255861111111109,11.945352068778421,-0.003856055412720494,-1.7837845587454506,6.544246499932942
2019-Nov-08,355.41787500000004,-7.071611111111112,11.035208333333287,4.563277777777779,11.9414960133657,0.11731557797957848,-1.787640614158171,4.760461941187492
2019-Nov-09,6.453083333333333,-2.5083333333333333,11.094041666666666,4.726222222222223,12.058811591345279,0.23054551042086402,-1.6703250361785926,2.9728213270293207
2019-Nov-10,17.547124999999998,2.2178888888888895,11.343041666666668,4.729027777777775,12.289357101766143,0.3346511401518715,-1.4397795257577286,1.302496290850728
2019-Nov-11,28.890166666666666,6.946916666666665,11.777041666666669,4.5460833333333355,12.624008241918014,0.4253303984648422,-1.1051283856058571,-0.13728323490700056
2019-Nov-12,40.667208333333335,11.493,12.373333333333342,4.145583333333331,13.049338640382857,0.4906637554958415,-0.6797979871410149,-1.2424116205128577
2019-Nov-13,53.04054166666668,15.638583333333331,13.080249999999985,3.4983888888888917,13.540002395878698,0.5080824641294264,-0.1891342316451734,-1.9222096076538726
2019-Nov-14,66.12079166666666,19.136972222222223,13.807041666666677,2.5911944444444437,14.048084860008125,0.451610939010596,0.31894823248425297,-2.111343839299046
2019-Nov-15,79.92783333333334,21.728166666666667,14.427624999999978,1.443888888888889,14.49969579901872,0.31409527622689914,0.770559171494849,-1.792395606814793
2019-Nov-16,94.35545833333332,23.172055555555556,14.813291666666686,0.12163888888888508,14.81379107524562,0.12926497450212082,1.0846544477217481,-1.021836435319944
2019-Nov-17,109.16875,23.29369444444444,14.889124999999993,-1.2684166666666634,14.94305604974774,-0.03829917109042036,1.213919422223869,0.06281801240180407
2019-Nov-18,124.057875,22.025277777777777,14.675916666666666,-2.6017777777777766,14.90475687865732,-0.13464997268374646,1.1756202511334486,1.276737434625673
2019-Nov-19,138.73379166666666,19.4235,14.281416666666644,-3.7679166666666664,14.770106905973574,-0.15023909078310282,1.0409702784497021,2.4523576857591216
2019-Nov-20,153.0152083333333,15.655583333333334,13.847416666666675,-4.6893055555555545,14.61986781519047,-0.11246986860619934,0.8907311876665993,3.4933279642088237
2019-Nov-21,166.86262499999998,10.96627777777778,13.496583333333405,-5.320416666666669,14.507397946584272,-0.05641588426111532,0.7782613190604,4.384059151875423
2019-Nov-22,180.35920833333338,5.6458611111111106,13.306499999999971,-5.636305555555555,14.450982062323156,-0.005792504691811473,0.7218454347992846,5.162320470935823
2019-Nov-23,193.66570833333336,0.009555555555555555,13.305874999999958,-5.622916666666667,14.445189557631345,0.028661584675598206,0.7160529301074732,5.884165905735108
2019-Nov-24,206.9715833333333,-5.613361111111111,13.47799999999998,-5.275972222222224,14.473851142306943,0.03986886604733186,0.7447145147830714,6.600218835842581
2019-Nov-25,220.4495833333333,-10.889333333333335,13.76304166666668,-4.607250000000002,14.513720008354275,0.015651419904713748,0.7845833808304032,7.344933350625652
2019-Nov-26,234.21262499999997,-15.496583333333337,14.062083333333334,-3.65519444444444,14.529371428258989,-0.05921142176214289,0.800234800735117,8.129516731456055
2019-Nov-27,248.2747083333333,-19.151777777777777,14.2539583333334,-2.492027777777782,14.470160006496846,-0.18482048933587336,0.7410233789729741,8.929751532191172
2019-Nov-28,262.5286666666667,-21.64380555555556,14.233124999999916,-1.2202777777777776,14.285339517160972,-0.33151314502873674,0.5562028896371007,9.670774911164147
2019-Nov-29,276.7617916666666,-22.864083333333337,13.95375000000007,0.046166666666671574,13.953826372132236,-0.4487241350862998,0.224689744608364,10.226977800801247
2019-Nov-30,290.7155416666667,-22.817916666666665,13.450874999999996,1.2090277777777771,13.505102237045936,-0.49638259512031446,-0.22403439047793583,10.451667545409611
2019-Dec-01,304.1664166666667,-21.608888888888888,12.820166666666637,2.2068333333333356,13.008719641925621,-0.4654599153057166,-0.7204169855982503,10.227633154931675
2019-Dec-02,316.98658333333333,-19.402055555555553,12.174750000000017,3.0180833333333332,12.543259726619905,-0.373335203860508,-1.185876900903967,9.507216169333425
2019-Dec-03,329.16133333333335,-16.38397222222222,11.60966666666667,3.650027777777776,12.169924522759397,-0.24504589602506144,-1.559212104764475,8.321339268429458
2019-Dec-04,340.771,-12.733944444444443,11.189666666666653,4.122388888888887,11.924878626734335,-0.10150209522260667,-1.8042580007895364,6.762127163664983
2019-Dec-05,351.96066666666667,-8.611555555555556,10.952458333333311,4.453750000000001,11.823376531511729,0.04540348398805705,-1.905760096012143,4.957869162875447
2019-Dec-06,2.9131250000000004,-4.157805555555555,10.91858333333333,4.6532222222222215,11.868780015499786,0.18981052896992523,-1.860356612024086,3.052109066863304
2019-Dec-07,13.831708333333331,0.49541666666666667,11.098374999999997,4.715472222222222,12.05859054446971,0.3285539637654846,-1.6705460830541607,1.191752454839218
2019-Dec-08,24.93008333333333,5.2108888888888885,11.493500000000004,4.619611111111112,12.387144508235195,0.4566109797333553,-1.3419921192886761,-0.47879362821494276
2019-Dec-09,36.42358333333333,9.8305,12.091833333333334,4.330083333333334,12.84375548796855,0.5614870354579793,-0.8853811395553208,-1.8207857475036189
2019-Dec-10,48.51541666666667,14.160583333333335,12.854416666666673,3.8032222222222245,13.40524252342653,0.6173897168548965,-0.32389410409734154,-2.7061668870589397
2019-Dec-11,61.36983333333334,17.96380555555556,13.697708333333317,3.0011666666666628,14.022632240281427,0.5878948881318813,0.293495612757555,-3.0300609911562812
2019-Dec-12,75.06754166666666,20.964972222222222,14.484458333333365,1.9151944444444453,14.610527128413308,0.4470096844635325,0.8813905008894363,-2.7365653783987263
2019-Dec-13,89.55200000000002,22.880166666666668,15.045916666666642,0.5914444444444413,15.05753681287684,0.21459216308868,1.3284001853529688,-1.85517487750929
2019-Dec-14,104.59791666666666,23.47161111111111,15.247958333333315,-0.8588888888888917,15.27212897596552,-0.033146371181912215,1.5429923484416488,-0.5267746921563212
2019-Dec-15,119.84587499999998,22.612722222222217,15.06695833333336,-2.283277777777773,15.238982604783608,-0.21069959583835463,1.5098459772597366,1.0162176562853276
2019-Dec-16,134.91283333333334,20.329444444444444,14.606375000000014,-3.535972222222224,15.028283008945253,-0.2804556018341593,1.299146381421382,2.526063633545064
2019-Dec-17,149.51920833333335,16.79347222222222,14.038583333333293,-4.51847222222222,14.747827407111094,-0.2614474336287085,1.0186907795872227,3.825210014966446
2019-Dec-18,163.55779166666665,12.275,13.525750000000016,-5.187416666666667,14.486379973482386,-0.19383618341713493,0.7572433459585142,4.843900794553669
2019-Dec-19,177.08354166666666,7.087583333333334,13.1764583333333,-5.536944444444445,14.29254379006525,-0.109600616076861,0.5634071625413792,5.601144140512183
2019-Dec-20,190.25999999999996,1.5506388888888887,13.040708333333413,-5.576361111111111,14.18294317398839,-0.027403548337799677,0.45380654646451823,6.164551303053562
2019-Dec-21,203.30070833333338,-4.025722222222222,13.119249999999994,-5.316444444444445,14.15553962565059,0.03979960131787763,0.42640299812671856,6.61835784951808
2019-Dec-22,216.41995833333337,-9.342166666666667,13.370791666666605,-4.767555555555555,14.195339226968468,0.07471617537523301,0.4662025994445962,7.044760847644799
2019-Dec-23,229.79074999999997,-14.109722222222222,13.713083333333401,-3.9478888888888886,14.2700554023437,0.055073625283935,0.5409187748198292,7.510963447089395
2019-Dec-24,243.50383333333338,-18.05761111111111,14.029166666666697,-2.8968611111111144,14.325129027627636,-0.034781452987934,0.5959924001037642,8.051882221909224
2019-Dec-25,257.5330000000001,-20.954472222222225,14.19058333333328,-1.6856388888888851,14.290347574639702,-0.18263774157372836,0.5612109471158302,8.647874622012989
2019-Dec-26,271.72358333333335,-22.64011111111111,14.101624999999899,-0.41430555555555415,14.107709833065973,-0.3418014664457907,0.37857320554210183,9.209085569128819
2019-Dec-27,285.82520833333325,-23.054416666666665,13.742166666666833,0.8081388888888839,13.765908366620183,-0.4556013847298619,0.03677173909631115,9.58765877467092
2019-Dec-28,299.5673750000001,-22.24627777777778,13.175083333333248,1.8924722222222208,13.31030698189032,-0.4905764467415512,-0.41882964563355074,9.624430513767232
2019-Dec-29,312.74245833333333,-20.35380555555556,12.512833333333276,2.7882777777777825,12.81973053514877,-0.44831557239872133,-0.909406092375102,9.205600868133681
2019-Dec-30,325.2552916666666,-17.565527777777778,11.870583333333343,3.4844166666666663,12.371414962750048,-0.3508756621545768,-1.3577216647738233,8.296194775758579
2019-Dec-31,337.12587499999995,-14.081111111111111,11.336999999999989,3.9957222222222235,12.020539300595471,-0.22190751021401134,-1.7085973269284,6.938473110984756
2020-Jan-01,348.46287499999994,-10.085388888888888,10.96875,4.346749999999999,11.79863179038146,-0.07756081659367986,-1.9305048371424114,5.229875784056356
2020-Jan-02,359.43162499999994,-5.738638888888889,10.798208333333378,4.55875,11.72107097378778,0.07454802111850611,-2.0080656537360912,3.2993709469139443
2020-Jan-03,10.229833333333332,-1.179888888888889,10.84383333333334,4.641972222222222,11.795618994906286,0.23088352519213373,-1.9335176326175851,1.291305293177853
2020-Jan-04,21.07366666666667,3.462083333333333,11.115708333333334,4.591055555555557,12.02650252009842,0.3885561866858911,-1.7026341074254514,-0.6422123394397321
2020-Jan-05,32.189375000000005,8.05313888888889,11.61558333333332,4.3831388888888885,12.415058706784311,0.5390614591451932,-1.3140779207395603,-2.3448464468651835
2020-Jan-06,43.804958333333325,12.436277777777779,12.32795833333335,3.978777777777779,12.954120165929504,0.6617230860961989,-0.7750164615943671,-3.658924367604744
2020-Jan-07,56.132916666666674,16.415055555555558,13.202583333333308,3.3291111111111107,13.615843252025703,0.7180111093323802,-0.1132933754981682,-4.433940829199111
2020-Jan-08,69.33549999999998,19.74416666666667,14.132666666666694,2.3931388888888847,14.333854361358084,0.6616236944139828,0.604717733834212,-4.547234204697279
2020-Jan-09,83.46816666666668,22.137305555555553,14.949916666666653,1.1680555555555543,14.995478055772066,0.4707033019556093,1.2663414282481948,-3.942516470863067
2020-Jan-10,98.41808333333333,23.305361111111107,15.463666666666654,-0.27888888888888985,15.466181357727676,0.18908641304934903,1.7370447302038041,-2.6761750426148723
2020-Jan-11,113.88174999999998,23.026472222222218,15.551041666666663,-1.8034722222222221,15.655267770777025,-0.08375616132066632,1.9261311432531532,-0.9391303124110681
2020-Jan-12,129.43279166666665,21.222999999999995,15.23445833333335,-3.2223055555555504,15.571511609456358,-0.26392225786526247,1.8423749819324868,0.987000830842085
2020-Jan-13,144.66725,18.000694444444445,14.668500000000023,-4.376916666666666,15.307589351591096,-0.3332636378499405,1.5784527240672244,2.829375812774572
2020-Jan-14,159.33575000000002,13.623777777777779,14.050874999999934,-5.177194444444446,14.974325713741155,-0.32132121056498164,1.2451890862172839,4.407828536841796
2020-Jan-15,173.38662499999995,8.446583333333333,13.539791666666702,-5.602194444444445,14.653004503176174,-0.26315876886969036,0.9238678756523022,5.65301762305908
2020-Jan-16,186.92641666666665,2.8443888888888886,13.224125000000043,-5.673638888888888,14.389845734306483,-0.18168029394272978,0.6607091067826119,6.576885498711382
2020-Jan-17,200.1505416666667,-2.8292499999999996,13.130291666666608,-5.42838888888889,14.208165440363754,-0.09328590018900229,0.4790288128398821,7.237594605493994
2020-Jan-18,213.2808333333333,-8.25763888888889,13.23625000000007,-4.902194444444442,14.114879540174751,-0.01735119568111365,0.3857429126508798,7.716623418333876
2020-Jan-19,226.51708333333337,-13.159833333333331,13.479874999999907,-4.127138888888894,14.097528344493638,0.019911602194394362,0.36839171696976614,8.102366330984756
2020-Jan-20,239.99695833333328,-17.286972222222225,13.76387500000007,-3.139722222222222,14.117439946688032,-0.00610435840756729,0.3883033191641605,8.470758047954522
2020-Jan-21,253.76083333333335,-20.426694444444447,13.96995833333338,-1.9924999999999997,14.111335588280465,-0.10069480463310043,0.3821989607565932,8.859061367118683
2020-Jan-22,267.73079166666673,-22.419194444444447,13.989958333333334,-0.7610000000000028,14.010640783647364,-0.23612402941970423,0.2815041561234928,9.241260327875276
2020-Jan-23,281.72075000000007,-23.18019444444445,13.766749999999945,0.46250000000000213,13.77451675422766,-0.3618094467678308,0.04538012670378855,9.522764483998769
2020-Jan-24,295.4875,-22.717694444444447,13.318333333333328,1.5883055555555607,13.41270730745983,-0.4339665745625556,-0.31642932006404223,9.568144610702557
2020-Jan-25,308.80583333333334,-21.129388888888887,12.72570833333333,2.55030555555555,12.978740732897274,-0.43727035965645555,-0.7503958946265978,9.251715290638515
2020-Jan-26,321.53154166666667,-18.579083333333337,12.094958333333295,3.3166944444444457,12.541470373240818,-0.38217734831815164,-1.1876662542830534,8.501319396011917
2020-Jan-27,333.62649999999996,-15.262388888888891,11.521624999999972,3.8859444444444478,12.159293024922667,-0.28853929005009427,-1.569843602601205,7.313653141728864
2020-Jan-28,345.14812499999994,-11.376444444444443,11.074375000000089,4.274694444444442,11.870753734872572,-0.1723053727268855,-1.8583828926512993,5.743809539127659
2020-Jan-29,356.2225,-7.101750000000001,10.796083333333286,4.505361111111112,11.698448362145687,-0.042019691478172305,-2.030688265378185,3.8854266464763594
2020-Jan-30,7.018583333333334,-2.596388888888889,10.71204166666667,4.596138888888889,11.656428670667514,0.09938598401362952,-2.072707956856357,1.8547383810981746
2020-Jan-31,17.730625000000003,1.9997500000000001,10.837499999999995,4.554972222222222,11.755814654681144,0.25094988131597695,-1.9733219728427276,-0.21796957575818254
2020-Feb-01,28.568125,6.554722222222222,11.181041666666669,4.375694444444444,12.006764535997121,0.4095603550935891,-1.7223720915267506,-2.19129154860091
2020-Feb-02,39.74916666666667,10.930416666666666,11.74195833333333,4.03627777777778,12.41632489109071,0.5634596431890042,-1.3128117364331615,-3.9136636401276608
2020-Feb-03,51.491125,14.966694444444446,12.498999999999988,3.499972222222219,12.979784534279714,0.6869844976949313,-0.7493520932441573,-5.226475376560822
2020-Feb-04,63.990124999999985,18.466666666666665,13.392708333333339,2.723222222222226,13.666769031974646,0.7378919687137646,-0.062367595549225996,-5.97582746980498
2020-Feb-05,77.38283333333332,21.18988888888889,14.307083333333352,1.6738055555555498,14.40466100068841,0.6726217151066827,0.6755243731645386,-6.038195065354206
2020-Feb-06,91.68991666666668,22.86369444444444,15.072958333333318,0.3610833333333403,15.077282715795093,0.4828220976551272,1.3481460882712213,-5.362670692189667
2020-Feb-07,106.762875,23.22477777777778,15.518666666666704,-1.13483333333334,15.56010481345022,0.22279010170324298,1.8309681859263485,-4.014524603918446
2020-Feb-08,122.2815416666667,22.08994444444444,15.55708333333331,-2.660249999999998,15.782894915153463,-0.018426063016139693,2.0537582876295915,-2.183556417992097
2020-Feb-09,137.838625,19.429694444444443,15.241375000000005,-4.027277777777774,15.764468852137323,-0.18189215676971848,2.0353322246134518,-0.12979813036250576
2020-Feb-10,153.08,15.402416666666669,14.732791666666657,-5.075583333333334,15.582576695367605,-0.26448760772133895,1.8534400678437333,1.905534094250946
2020-Feb-11,167.81279166666667,10.326833333333335,14.212416666666655,-5.714111111111112,15.318089087646266,-0.28836007563865884,1.5889524601223943,3.7589741620946793
2020-Feb-12,182.02520833333332,4.612722222222223,13.81258333333335,-5.924972222222223,15.029729012007607,-0.2704281705678149,1.3005923844837355,5.347926622217074
2020-Feb-13,195.83779166666667,-1.3122500000000001,13.596875000000011,-5.741250000000001,14.759300841439792,-0.22185764307917033,1.0301642139159206,6.648519006700809
2020-Feb-14,209.4346666666667,-7.053500000000001,13.568041666666602,-5.219722222222222,14.537443198360622,-0.1596415194241505,0.8083065708367503,7.67868322061673
2020-Feb-15,223.0027083333333,-12.273222222222223,13.680750000000046,-4.422472222222222,14.377801678936471,-0.11063579878576846,0.6486650514125998,8.48698979145348
2020-Feb-16,236.68345833333333,-16.695694444444445,13.853291666666678,-3.4114999999999966,14.267165880150703,-0.10447067895815643,0.5380292526268313,9.13565484286608
2020-Feb-17,250.53675,-20.107194444444442,13.982499999999987,-2.2520277777777835,14.162695201192546,-0.15506742958867825,0.4335585736686749,9.673684095492911
2020-Feb-18,264.51925,-22.359222222222225,13.970583333333309,-1.0180555555555557,14.007627771603868,-0.2473283357544993,0.27849114407999664,10.107242669161586
2020-Feb-19,278.4898333333333,-23.37727777777778,13.758708333333345,0.20925000000000438,13.760299435849369,-0.34268772540157855,0.031162808325497338,10.385733813241583
2020-Feb-20,292.24854166666665,-23.168027777777777,13.349333333333334,1.3518888888888867,13.41761171044779,-0.40224819373330334,-0.3115249170760812,10.41689662156708
2020-Feb-21,305.597875,-21.81613888888889,12.801666666666677,2.3488333333333387,13.015363516714487,-0.4083964576461927,-0.7137731108093845,10.105371704490999
2020-Feb-22,318.39954166666666,-19.46730555555555,12.203291666666644,3.164694444444443,12.606967059068294,-0.36653914352732286,-1.1221695684555772,9.391598593681614
2020-Feb-23,330.6028333333333,-16.30261111111111,11.639333333333298,3.788666666666664,12.240427915540971,-0.29237906154641813,-1.4887087119829001,8.269429025226037
2020-Feb-24,342.2421666666666,-12.513944444444444,11.175166666666769,4.227472222222222,11.948048853994553,-0.20014976807020446,-1.7810877735293182,6.780720313243137
2020-Feb-25,353.4173333333334,-8.286472222222223,10.853541666666615,4.495972222222222,11.747899085924349,-0.09711816291607,-1.9812375415995227,4.999632539713819
2020-Feb-26,4.270875,-3.7905000000000006,10.699958333333333,4.609944444444445,11.650780923008279,0.015271319575651532,-2.0783557045155927,3.018394998114296
2020-Feb-27,14.970833333333333,0.8194444444444444,10.729333333333335,4.580194444444444,11.66605224258393,0.1380023935410417,-2.063084384939941,0.9400392935987032
2020-Feb-28,25.700166666666668,5.399638888888888,10.949666666666666,4.409138888888891,11.804054636124972,0.2714498235740681,-1.9250819913988995,-1.123045091341238
2020-Feb-29,36.64983333333333,9.80877777777778,11.362375,4.088305555555554,12.07550445969904,0.4103724171438703,-1.6536321678248314,-3.0481270827401374
2020-Mar-01,48.012208333333334,13.897083333333333,11.956208333333329,3.598083333333337,12.48587687684291,0.5399579175366949,-1.243259750680961,-4.701759250564969
2020-Mar-02,59.96841666666666,17.49516666666667,12.696541666666654,2.910361111111108,13.025834794379605,0.6326923703128635,-0.7033018331442662,-5.94501900124593
2020-Mar-03,72.66495833333332,20.405527777777777,13.51166666666667,1.9975555555555573,13.658527164692469,0.6538456584324912,-0.07060946283140268,-6.648320834390196
2020-Mar-04,86.17662499999999,22.403083333333335,14.287125000000032,0.8497500000000002,14.31237282312496,0.5803070153919538,0.5832361956010885,-6.718930297221599
2020-Mar-05,100.46375000000002,23.252833333333335,14.88420833333329,-0.5022500000000001,14.892679838516914,0.4263814150076115,1.1635432109930424,-6.13569410162051
2020-Mar-06,115.34795833333331,22.750583333333335,15.19187500000001,-1.9699166666666699,15.319061253524525,0.24483784467347114,1.5899246260006539,-4.972150890627468
2020-Mar-07,130.53983333333332,20.780666666666665,15.185333333333318,-3.411833333333334,15.563899098197997,0.09012176640291969,1.834762470674125,-3.382226264626814
2020-Mar-08,145.72516666666664,17.36883333333333,14.942875000000043,-4.664638888888884,15.654020864600916,-0.018976794250841422,1.9248842370770447,-1.547463793952689
2020-Mar-09,160.66804166666668,12.704194444444447,14.603749999999962,-5.584361111111115,15.635044070350075,-0.09449338543939412,1.9059074428262033,0.37742044312435574
2020-Mar-10,175.27179166666664,7.1198333333333315,14.302750000000003,-6.077833333333331,15.54055068491068,-0.14775055835441542,1.8114140573868092,2.283327885950559
2020-Mar-11,189.57454166666665,1.0420000000000003,14.126583333333315,-6.113750000000001,15.392800126556265,-0.17714083664254865,1.6636634990323937,4.094741943337368
2020-Mar-12,203.70112499999996,-5.071750000000001,14.101125000000053,-5.716166666666665,15.215659289913717,-0.18298944128808792,1.486522662389845,5.758405442369762
2020-Mar-13,217.80225000000002,-10.787916666666666,14.194666666666677,-4.949,15.032669848625629,-0.18115504653022008,1.3035332211017572,7.244928104759607
2020-Mar-14,231.9969166666667,-15.736916666666666,14.330541666666647,-3.8991111111111145,14.851514802095409,-0.20060004782941476,1.122378174571537,8.548461325861364
2020-Mar-15,246.32745833333334,-19.63602777777778,14.406458333333404,-2.6651944444444418,14.650914754265994,-0.2597281762635646,0.9217781267421223,9.670839500432901
2020-Mar-16,260.73391666666674,-22.301222222222222,14.327708333333305,-1.3501944444444476,14.39118657800243,-0.3481292761022434,0.6620499504785577,10.592617627175024
2020-Mar-17,275.06162500000005,-23.65141666666667,14.042958333333331,-0.05272222222221856,14.043057301900186,-0.4293654103728226,0.3139206743763143,11.254667577653581
2020-Mar-18,289.1045833333334,-23.704138888888888,13.565499999999986,1.1444722222222232,13.613691891527363,-0.4681806208349961,-0.11544473599650829,11.568588252029896
2020-Mar-19,302.67008333333337,-22.559666666666665,12.962666666666621,2.184888888888885,13.145511270692367,-0.45147212969567363,-0.5836253568315044,11.453143516033387
2020-Mar-20,315.63275,-20.37477777777778,12.324541666666676,3.0404444444444465,12.694039140996694,-0.3892133634766246,-1.035097486527178,10.869518159201883
2020-Mar-21,327.95729166666666,-17.334333333333333,11.733583333333286,3.705638888888892,12.304825777520069,-0.3011108863594014,-1.4243108500038026,9.834420672674705
2020-Mar-22,339.69087499999995,-13.628694444444442,11.249333333333368,4.188277777777776,12.003714891160667,-0.20350262663562368,-1.725421736363204,8.410109822670902
2020-Mar-23,350.9402083333333,-9.440416666666666,10.908208333333334,4.500666666666667,11.800212264525044,-0.10494303516472847,-1.9289243629988277,6.684688086307698
2020-Mar-24,1.8484166666666668,-4.939749999999999,10.729416666666667,4.653916666666666,11.695269229360315,-0.006590661002695342,-2.033867398163556,4.7557637233088705
2020-Mar-25,12.577833333333334,-0.28583333333333333,10.72175,4.655027777777778,11.68867856835762,0.09391012187714942,-2.0404580591662516,2.7218963251453143
2020-Mar-26,23.299583333333334,4.369194444444444,10.887291666666659,4.50513888888889,11.78258869023477,0.1989947178016891,-1.9465479372891021,0.6814382659790628
2020-Mar-27,34.18687499999999,8.874333333333334,11.22175,4.19888888888889,11.981583408036458,0.30729216286376015,-1.747553219487413,-1.2651096713100394
2020-Mar-28,45.408624999999994,13.073222222222224,11.710750000000012,3.7248888888888914,12.288875570900219,0.40978374749115254,-1.440261056623653,-3.0126628907974524
2020-Mar-29,57.119375000000005,16.798111111111115,12.322500000000005,3.0678888888888878,12.698659318391371,0.4881231791235976,-1.0304773091325004,-4.452923947421105
2020-Mar-30,69.44187500000001,19.866000000000003,12.999541666666673,2.214305555555555,13.186782497514969,0.5190949133851781,-0.5423541300089028,-5.483401256553606
2020-Mar-31,82.44141666666668,22.080305555555558,13.65649999999998,1.1623611111111103,13.705877410900147,0.48689834759412065,-0.023259216623724654,-6.025755386562508
2020-Apr-01,96.09791666666666,23.24266666666667,14.192624999999992,-0.06541666666666757,14.192775758494268,0.39968942629115567,0.463639130970396,-6.049014603186233
2020-Apr-02,110.29054166666666,23.17725,14.524041666666676,-1.4114722222222262,14.592465184785423,0.2929437547455276,0.8633285572615517,-5.585375472215837
2020-Apr-03,124.81458333333333,21.765777777777775,14.622916666666669,-2.7831111111111078,14.88540893953095,0.20686718772664214,1.1562723120070793,-4.722046914954285
2020-Apr-04,139.4375,18.982666666666667,14.534833333333353,-4.0639166666666675,15.092276127257593,0.1565289009342461,1.3631394997337214,-3.565774602947206
2020-Apr-05,153.97233333333335,14.91875,14.359250000000003,-5.132055555555553,15.248805028191839,0.1266227041149186,1.5196684006679675,-2.2026351032134848
2020-Apr-06,168.33158333333336,9.786694444444446,14.207666666666626,-5.877583333333334,15.375427732306758,0.09369346952446911,1.646291104782886,-0.6829667025455173
2020-Apr-07,182.53924999999998,3.909111111111112,14.165166666666664,-6.216250000000001,15.469121201831227,0.049361397264414464,1.7399845743073552,0.9633244022373688
2020-Apr-08,196.70441666666665,-2.3071388888888893,14.26837500000002,-6.102194444444445,15.518482599095641,-0.0008346660660709659,1.7893459715717697,2.703308976544724
2020-Apr-09,210.97279166666667,-8.409333333333334,14.495833333333337,-5.537888888888888,15.51764793302957,-0.05584343625459631,1.7885113055056987,4.492654948116494
2020-Apr-10,225.468625,-13.947222222222223,14.76854166666672,-4.577944444444444,15.461804496774974,-0.13257030463623742,1.7326678692511024,6.281166253622192
2020-Apr-11,240.23716666666672,-18.525166666666667,14.964499999999902,-3.324027777777779,15.329234192138737,-0.2495397374862076,1.600097564614865,8.013834122873295
2020-Apr-12,255.20166666666663,-21.849194444444446,14.958166666666642,-1.9106111111111055,15.079694454652529,-0.39583428490932526,1.3505578271286574,9.61393168748816
2020-Apr-13,270.15983333333327,-23.759805555555552,14.676000000000101,-0.4803888888888963,14.683860169743204,-0.5256135006986842,0.9547235422193321,10.964489514616817
2020-Apr-14,284.83583333333337,-24.240194444444448,14.132999999999925,0.84513888888889,14.15824666904452,-0.5902836006034082,0.4291100415206479,11.91921305683615
2020-Apr-15,298.9688333333333,-23.395055555555558,13.421625000000006,1.9873611111111096,13.567963068441111,-0.5731395511491453,-0.16117355908276032,12.348323098356797
2020-Apr-16,312.3904583333333,-21.40769444444445,12.663708333333375,2.9147777777777826,12.994823517291966,-0.49120359054391827,-0.7343131102319056,12.187149539274037
2020-Apr-17,325.0541666666667,-18.492916666666666,11.965125000000057,3.62991666666667,12.503619926748048,-0.37457741876367656,-1.2255167007758239,11.452836429042131
2020-Apr-18,337.01929166666673,-14.862999999999996,11.396333333333246,4.151777777777776,12.129042507984371,-0.24860560620990846,-1.6000941195395004,10.227319728266307
2020-Apr-19,348.415625,-10.71122222222222,10.994624999999985,4.501444444444443,11.880436901774463,-0.12729614626454477,-1.8486997257494089,8.627225608726807
2020-Apr-20,359.41024999999996,-6.209777777777777,10.775083333333384,4.694027777777777,11.753140755509918,-0.015195913297240793,-1.9759958720139537,6.778525882977398
2020-Apr-21,10.185333333333332,-1.5157500000000002,10.740083333333335,4.736027777777778,11.737944842212677,0.08901882762115143,-1.9911917853111945,4.802530010963444
2020-Apr-22,20.925416666666667,3.2202777777777776,10.885041666666659,4.6252499999999985,11.826963669833829,0.18770441264508797,-1.902172957690043,2.81133822565225
2020-Apr-23,31.810458333333326,7.845527777777776,11.19862500000001,4.352361111111111,12.014668082478916,0.2803665101001709,-1.714468545044955,0.9091652679622069
2020-Apr-24,43.009083333333336,12.197888888888887,11.658833333333348,3.90377777777778,12.295034592579087,0.3602464387632125,-1.4341020349447842,-0.8053032770827482
2020-Apr-25,54.667916666666684,16.101666666666667,12.226666666666631,3.2656944444444456,12.6552810313423,0.41252718091055485,-1.0738555961815717,-2.2394053120275323
2020-Apr-26,66.89458333333332,19.367361111111112,12.839666666666702,2.4311666666666696,13.067808212252855,0.41880354848654733,-0.6613284152710168,-3.313260908209104
2020-Apr-27,79.73425000000002,21.79852777777778,13.412874999999971,1.4083611111111054,13.486611760739402,0.36991208736085035,-0.2425248667844695,-3.974589323480121
2020-Apr-28,93.14712499999999,23.206888888888887,13.854625000000013,0.22938888888889153,13.856523848100252,0.279684167604378,0.12738722057638086,-4.21711419026459
2020-Apr-29,107.00175,23.43627777777778,14.097416666666675,-1.0465277777777757,14.13620801570463,0.1855643444089985,0.40707138818075883,-4.0897269696882095
2020-Apr-30,121.09916666666668,22.389750000000003,14.129458333333318,-2.3391388888888898,14.321772360113629,0.1275133835060931,0.5926357325897573,-3.6826555815074506
2020-May-01,135.228625,20.050611111111113,14.004000000000019,-3.5594722222222224,14.449285743619722,0.12196159904596549,0.7201491160958504,-3.0900198489176933
2020-May-02,149.232625,16.49113888888889,13.818749999999994,-4.6220555555555585,14.571247342665687,0.15389557197776682,0.8421107151418159,-2.369870732821843
2020-May-03,163.051375,11.869083333333332,13.679958333333332,-5.44872222222222,14.725142914643454,0.19364637694103592,0.9960062871195827,-1.527760017680027
2020-May-04,176.73133333333334,6.420361111111112,13.672999999999945,-5.968194444444445,14.91878929158449,0.21681004775829926,1.1896526640606186,-0.5317537305604443
2020-May-05,190.40433333333328,0.4521666666666667,13.844666666666768,-6.116499999999999,15.13559933934279,0.21364247061718444,1.406462711818918,0.6578989335001744
2020-May-06,204.24900000000005,-5.6643333333333326,14.192374999999942,-5.845999999999999,15.349241809959974,0.18033796319381068,1.6201051824361024,2.0643616453190923
2020-May-07,218.441375,-11.510333333333332,14.653374999999954,-5.1426111111111155,15.529579773153785,0.10365842868235475,1.800443145629913,3.6844668277551946
2020-May-08,233.09474999999995,-16.652944444444447,15.100708333333387,-4.045583333333333,15.63323820183614,-0.03889159406006293,1.9041015743122678,5.484909973385108
2020-May-09,248.19545833333333,-20.69852777777778,15.366000000000014,-2.658888888888889,15.594346607776076,-0.2482384886868214,1.8652099802522049,7.3890115476973754
2020-May-10,263.56145833333335,-23.35741666666667,15.30374999999998,-1.1394166666666656,15.346108119089255,-0.4734753786448742,1.6169714915653834,9.25422152794958
2020-May-11,278.8652083333333,-24.496833333333335,14.868708333333359,0.3416388888888875,14.87263274044438,-0.6349105497090743,1.1434961129205092,10.871193019514964
2020-May-12,293.7339166666667,-24.155194444444447,14.141916666666702,1.6489166666666684,14.237722190735306,-0.6834917471283273,0.5085855632114349,12.014689132435473
2020-May-13,307.8758333333334,-22.50627777777778,13.280041666666648,2.7124999999999986,13.55423044360698,-0.6265865462793805,-0.1749061839168924,12.523274695646908
2020-May-14,321.15587500000004,-19.79377777777778,12.438416666666683,3.5227499999999985,12.927643897327599,-0.5039954918109792,-0.8014927301962729,12.348368511730015
2020-May-15,333.5942916666667,-16.271027777777782,11.725791666666623,4.105222222222228,12.42364840551662,-0.3551173437586499,-1.3054882220072521,11.546875781533743
2020-May-16,345.32008333333334,-12.165805555555554,11.20020833333325,4.494972222222221,12.06853106175797,-0.2048547191208101,-1.660605565765902,10.24138755952649
2020-May-17,356.5202916666666,-7.670833333333333,10.883958333333396,4.720833333333333,11.86367634263716,-0.06386982918862216,-1.8654602848867121,8.580781993760588
2020-May-18,7.40425,-2.95,10.780041666666666,4.798555555555556,11.799806513448537,0.06550012187898169,-1.9293301140753343,6.715321708873876
2020-May-19,18.184291666666667,1.8485555555555553,10.881791666666668,4.729916666666667,11.865306635327519,0.1834043576702502,-1.8638299921963526,4.785991594798542
2020-May-20,29.066083333333335,6.5784722222222225,11.17512499999999,4.5042222222222215,12.04871099299777,0.28854305839266203,-1.6804256345261024,2.9221616026021895
2020-May-21,40.241208333333326,11.082694444444444,11.635166666666677,4.102527777777775,12.337254051390431,0.3733889190584794,-1.3918825761334404,1.241735968076087
2020-May-22,51.876375,15.185222222222219,12.218166666666669,3.50383333333334,12.71064297044891,0.4217850081408532,-1.018493657074961,-0.15014660805735325
2020-May-23,64.09454166666667,18.68905555555556,12.852958333333333,2.6948333333333316,13.132427978589764,0.4136983722759542,-0.5967086489341078,-1.1686402651323142
2020-May-24,76.9475,21.38388888888889,13.441291666666658,1.6820277777777726,13.546126350865718,0.3382268665864636,-0.18301027665815361,-1.765348914066422
2020-May-25,90.38879166666666,23.065916666666663,13.87524999999998,0.5026944444444474,13.884353217452182,0.21201163978220627,0.15521658992831,-1.9483591907245756
2020-May-26,104.26404166666664,23.56861111111111,14.075166666666703,-0.772777777777776,14.096364857234388,0.08068958138422921,0.3672282297105163,-1.7931426007962656
2020-May-27,118.33920833333335,22.795833333333334,14.027666666666676,-2.0526666666666706,14.177054438618617,-0.004560061848968289,0.4479178110947455,-1.4259143710857494
2020-May-28,132.36687500000002,20.743166666666664,13.796083333333314,-3.2446388888888826,14.172494376769649,-0.01932972140839162,0.4433577492457772,-0.9779965599910039
2020-May-29,146.16295833333334,17.49852777777778,13.492625000000004,-4.273305555555561,14.153164655361257,0.026556237612028966,0.4240280278373856,-0.5346388107452267
2020-May-30,159.65558333333334,13.22522222222222,13.236833333333323,-5.084361111111107,14.179720892973286,0.10385722872037739,0.45058426544941454,-0.1106107829078411
2020-May-31,172.89241666666666,8.140861111111112,13.124374999999986,-5.636611111111113,14.283578121693663,0.18481874416727884,0.5544414941697919,0.33997348254157345
2020-Jun-01,186.01679166666665,2.50425,13.214416666666637,-5.891833333333333,14.468396865860942,0.2515899069597136,0.7392602383370708,0.8944149767113654
2020-Jun-02,199.23120833333329,-3.387583333333333,13.52504166666671,-5.809583333333334,14.719986772820656,0.2922134168491901,0.9908501452967844,1.6336752150484362
2020-Jun-03,212.75625,-9.197166666666668,14.025166666666706,-5.353583333333335,15.012200189669846,0.2889469947140668,1.2830635621459745,2.6245253603452205
2020-Jun-04,226.7814166666667,-14.550750000000003,14.621500000000026,-4.509638888888885,15.301147184383913,0.21072876154486053,1.5720105568600413,3.907588922491195
2020-Jun-05,241.40291666666673,-19.060388888888887,15.154166666666697,-3.3120277777777822,15.511875945928773,0.030777785634851895,1.7827393184049019,5.479599479351236
2020-Jun-06,256.5570833333334,-22.37241666666667,15.430583333333288,-1.863111111111106,15.542653731563625,-0.23091311539100623,1.8135171040397537,7.262338797756138
2020-Jun-07,271.9876666666667,-24.235527777777776,15.308291666666605,-0.3249722222222218,15.311740616172619,-0.49102080215700106,1.5826039886487475,9.075855901795892
2020-Jun-08,287.2959583333333,-24.560499999999998,14.77783333333332,1.1266666666666687,14.820719814015618,-0.6557508985277298,1.0915831864917465,10.65845989044464
2020-Jun-09,302.07379166666664,-23.43383333333333,13.966875000000073,2.3606666666666634,14.164968915487888,-0.6876058808265899,0.43583228796401663,11.750043076936386
2020-Jun-10,316.0406666666667,-21.073166666666665,13.062083333333305,3.3198333333333316,13.477363034661298,-0.6119933630495158,-0.2517735928625733,12.185875364900403
2020-Jun-11,329.10275,-17.753333333333334,12.224541666666596,4.009777777777781,12.865369671611782,-0.47644092194832943,-0.8637669559120891,11.93410177203783
2020-Jun-12,341.3272916666666,-13.743555555555552,11.555291666666733,4.467749999999999,12.388928749663453,-0.31909267878920033,-1.3402078778604185,11.07033481612574
2020-Jun-13,352.88258333333334,-9.275805555555554,11.101999999999975,4.735666666666665,12.069836070874253,-0.16022446807570034,-1.6593005566496188,9.730126938265322
2020-Jun-14,3.984583333333333,-4.5401388888888885,10.879708333333335,4.844666666666666,11.909611602798552,-0.007366140793974907,-1.8195250247253192,8.070826381615703
2020-Jun-15,14.864291666666668,0.3045277777777778,10.887333333333329,4.809305555555556,11.902245462004577,0.13721669490998423,-1.826891165519294,6.251301356890384
2020-Jun-16,25.751624999999997,5.113833333333334,11.114833333333337,4.626999999999999,12.039462156914562,0.27094869376382036,-1.6896744706093099,4.42441019137109
2020-Jun-17,36.866458333333334,9.740833333333333,11.542250000000003,4.280499999999998,12.310410850678382,0.3857123492847556,-1.4187257768454895,2.7347357207617797
2020-Jun-18,48.40870833333334,14.021333333333331,12.131666666666675,3.7435555555555595,12.696123199963138,0.46362663093724166,-1.0330134275607339,1.3160099439162902
2020-Jun-19,60.54037500000001,17.76488888888889,12.815333333333328,2.9910277777777736,13.15974983090038,0.47850958380673525,-0.5693867966234922,0.28299651635555634
2020-Jun-20,73.35570833333334,20.755916666666664,13.488708333333335,2.0141666666666644,13.638259414707115,0.4086076057454324,-0.09087721281675698,-0.2863902802679359
2020-Jun-21,86.84441666666667,22.77008333333333,14.02183333333332,0.8382500000000057,14.046867020452547,0.26021233909346897,0.31773039292867544,-0.3772674930846929
2020-Jun-22,100.86625,23.608333333333334,14.299458333333348,-0.4669166666666662,14.307079359546016,0.08037192404454352,0.5779427320221444,-0.05953710015601743
2020-Jun-23,115.16570833333334,23.141416666666668,14.274958333333288,-1.7956388888888952,14.38745128359056,-0.06473132386382652,0.6583146560666879,0.518405631866127
2020-Jun-24,129.44066666666663,21.345777777777773,13.997750000000053,-3.033694444444439,14.322719959726733,-0.1316651505374562,0.5935833322028614,1.176720287932815
2020-Jun-25,143.43841666666668,18.312083333333334,13.589374999999961,-4.088388888888893,14.191054809189277,-0.11921567589310911,0.4619181816654052,1.7703036201356763
2020-Jun-26,157.02779166666664,14.22369444444444,13.190250000000049,-4.902444444444441,14.071839133296168,-0.05379447550680183,0.3427025057722961,2.2322218018010815
2020-Jun-27,170.2180416666667,9.32125,12.915999999999968,-5.448166666666666,14.018044657789366,0.0361633852150085,0.2889080302654943,2.5749243075733776
2020-Jun-28,183.13404166666666,3.8730833333333328,12.84099999999998,-5.712222222222222,14.054208043004374,0.13181625249505835,0.3250714154805028,2.863832337838872
2020-Jun-29,195.97504166666664,-1.8391388888888889,12.998500000000007,-5.681749999999999,14.186024295499433,0.22023288604858848,0.45688766797556113,3.1889037533193747
2020-Jun-30,208.97354166666665,-7.520888888888888,13.380375000000043,-5.339083333333332,14.406257181548021,0.2848112744840474,0.6771205540241496,3.645791421294936
2020-Jul-01,222.3539166666667,-12.85997222222222,13.929874999999925,-4.667555555555561,14.691068456032069,0.29492033198172685,0.961931828508197,4.322911975319085
2020-Jul-02,236.28379166666662,-17.52752777777778,14.529833333333329,-3.669305555555553,14.985988788013795,0.2113054944279984,1.2568521604899239,5.2848438038272825
2020-Jul-03,250.81362499999994,-21.196833333333334,15.008208333333357,-2.389861111111113,15.197294282441794,0.01736898586797153,1.4681576549179223,6.541695964317206
2020-Jul-04,265.8218333333333,-23.586694444444447,15.185916666666628,-0.9348333333333301,15.214663268309765,-0.24332399922528936,1.4855266407858938,8.009853619235129
2020-Jul-05,281.00774999999993,-24.521527777777777,14.961500000000001,0.5426944444444466,14.971339269084476,-0.4771925268743171,1.2422026415606044,9.495380260021022
2020-Jul-06,295.96924999999993,-23.97883333333333,14.370666666666637,1.8879166666666656,14.494146742210159,-0.6059703144767621,0.7650101146862873,10.737582901581627
2020-Jul-07,310.33991666666657,-22.090916666666665,13.561541666666756,2.99433333333333,13.888176427733397,-0.61381057117692,0.15903980020952524,11.502593016267914
2020-Jul-08,323.9014583333333,-19.096583333333335,12.71195833333337,3.8229444444444454,13.274365856556477,-0.5331691273099572,-0.4547707709673947,11.66163281647744
2020-Jul-09,336.6134166666667,-15.27363888888889,11.961916666666582,4.387555555555558,12.74119672924652,-0.4054570841334595,-0.987939898277352,11.206862045510045
2020-Jul-10,348.5753333333333,-10.886083333333332,11.394291666666675,4.726583333333332,12.33573964511306,-0.2585609642430402,-1.3933969824108114,10.218922147232693
2020-Jul-11,359.96962499999995,-6.1594999999999995,11.04733333333337,4.880027777777777,12.07717868087002,-0.1059003853841638,-1.6519579466538516,8.825525164821881
2020-Jul-12,11.016958333333331,-1.2794722222222223,10.933208333333337,4.876111111111111,11.971278295485856,0.04807272712857724,-1.7578583320380154,7.17356721816803
2020-Jul-13,21.950166666666668,3.596638888888889,11.05104166666667,4.726444444444446,12.019351022614433,0.20026800978865822,-1.7097856049094382,5.415708886130014
2020-Jul-14,33.00120833333334,8.323083333333335,11.39033333333333,4.424861111111111,12.219619032403092,0.3441458478791528,-1.50951759512078,3.705923281220576
2020-Jul-15,44.39154166666667,12.747944444444446,11.926541666666651,3.9504166666666656,12.563764880282244,0.46365528320115956,-1.1653717472416272,2.196405686099796
2020-Jul-16,56.31808333333332,16.69836111111111,12.609291666666678,3.2740555555555595,13.027420163483404,0.5309516009642277,-0.7017164640404676,1.0310339388581689
2020-Jul-17,68.927375,19.97241666666667,13.349291666666673,2.3718888888888827,13.558371764447632,0.5130659101447801,-0.17076486307623995,0.32931747481770124
2020-Jul-18,82.27666666666667,22.344305555555554,14.016250000000014,1.245027777777782,14.071437674592412,0.39493732913452817,0.34230104706854014,0.1585526117414613
2020-Jul-19,96.29291666666668,23.589333333333336,14.46624999999996,-0.06013888888888985,14.46637500372694,0.2040845396457467,0.7372383762030683,0.5008536588100014
2020-Jul-20,110.75916666666664,23.529194444444446,14.59908333333334,-1.445388888888889,14.670459543372687,0.008757901721182293,0.941322915848815,1.2380920350130697
2020-Jul-21,125.35824999999998,22.083805555555557,14.413458333333367,-2.7805833333333325,14.679217445093869,-0.1259958631818101,0.9500808175699973,2.1794149508618847
2020-Jul-22,139.77170833333335,19.303222222222225,14.009375000000034,-3.9412777777777794,14.553221581912059,-0.17688209872109084,0.8240849543881872,3.129495768431882
2020-Jul-23,153.78108333333338,15.361944444444445,13.537166666666621,-4.839861111111112,14.376339483190968,-0.16015985094027485,0.6472028556670963,3.9535807228200692
2020-Jul-24,167.31825,10.522083333333333,13.136666666666656,-5.433944444444443,14.216179632250693,-0.10281943907476254,0.4870430047268215,4.600783578487166
2020-Jul-25,180.45491666666666,5.088138888888889,12.904791666666682,-5.714305555555556,14.11336019317593,-0.02395793079763564,0.38422356565205895,5.087826583213987
2020-Jul-26,193.35970833333334,-0.6261666666666666,12.890666666666647,-5.687000000000001,14.089402262378295,0.06546415583010656,0.3602656348544233,5.472050148866046
2020-Jul-27,206.250375,-6.3131666666666675,13.100708333333387,-5.360194444444446,14.154866418208401,0.15182968037203892,0.4257297906845299,5.832315783720469
2020-Jul-28,219.35108333333338,-11.673361111111113,13.498791666666648,-4.739638888888884,14.30669609858044,0.20975293849561005,0.5775594710565688,6.258045574404999
2020-Jul-29,232.84987500000003,-16.412999999999997,14.000541666666663,-3.8356388888888944,14.51644903707605,0.20209652131243416,0.7873124095521788,6.835605045461568
2020-Jul-30,246.8504166666667,-20.24863888888889,14.472708333333259,-2.6788611111111074,14.718545558388485,0.09888468068002254,0.989408930864613,7.622917455013747
2020-Jul-31,261.32312499999995,-22.9275,14.756916666666712,-1.3377777777777808,14.817430239068507,-0.0893536649103428,1.0882936115446356,8.61232638587836
2020-Aug-01,276.08004166666666,-24.26527777777778,14.727874999999983,0.07705555555555677,14.728076574158164,-0.3008055603702058,0.9989399466342928,9.700619997422995
2020-Aug-02,290.80791666666664,-24.188222222222223,14.355875000000026,1.4335277777777797,14.427271013787959,-0.4582987803180405,0.698134386264087,10.699559944057288
2020-Aug-03,305.16379166666667,-22.754694444444443,13.721791666666718,2.61622222222222,13.968972233469918,-0.5207002970892933,0.23983560594604647,11.397694330321375
2020-Aug-04,318.8855833333334,-20.138472222222223,12.969583333333219,3.556111111111111,13.448271936380625,-0.49535370116951327,-0.28086469114324686,11.637529936267422
2020-Aug-05,331.8551666666666,-16.582361111111112,12.241041666666717,4.234972222222222,12.952918235211111,-0.4129688032102976,-0.7762183923127601,11.356665245124175
2020-Aug-06,344.0962083333333,-12.34738888888889,11.637875000000008,4.670138888888888,12.539949432000814,-0.3008345452915151,-1.1891871955230577,10.580446852811415
2020-Aug-07,355.73408333333333,-7.677250000000002,11.218124999999986,4.893833333333335,12.239114886709299,-0.17378746034886028,-1.4900217408145728,9.391259657288357
2020-Aug-08,6.952208333333335,-2.7834166666666667,11.008791666666664,4.937472222222222,12.065327426360438,-0.037259953705653714,-1.6638092011634331,7.901237916473784
2020-Aug-09,17.961,2.154055555555555,11.019124999999999,4.822166666666666,12.028067472654785,0.10677120047466815,-1.7010691548690868,6.237428715310351
2020-Aug-10,28.980124999999997,6.976222222222221,11.247625000000003,4.554694444444447,12.134838673129453,0.254496973305784,-1.5942979543944187,4.536359560441264
2020-Aug-11,40.22775,11.530916666666668,11.681916666666666,4.126555555555553,12.389335646435237,0.3945192545874274,-1.3398009810886347,2.9420616060468454
2020-Aug-12,51.909666666666666,15.657472222222221,12.29058333333333,3.516888888888893,12.783854901022664,0.504459717580044,-0.9452817265012072,1.6022606249582108
2020-Aug-13,64.20025,19.174361111111114,13.011041666666657,2.700388888888888,13.288314618602708,0.5507418627259,-0.4408220089211632,0.6569788984570035
2020-Aug-14,77.21129166666665,21.874750000000002,13.738875000000021,1.6621666666666641,13.839056481328608,0.5041392415482591,0.10991985380473679,0.21615688953584034
2020-Aug-15,90.95016666666668,23.536916666666666,14.33708333333334,0.4186944444444478,14.343195722876867,0.3642897847410005,0.6140590953529959,0.3260767433405771
2020-Aug-16,105.28725000000001,23.955611111111114,14.675833333333316,-0.9643888888888945,14.707485507617868,0.17681783128425366,0.9783488800939963,0.940135838693573
2020-Aug-17,119.96308333333333,22.99122222222222,14.693958333333356,-2.3727777777777774,14.884303338902122,0.008880070385886896,1.15516671137825,1.9184847187875693
2020-Aug-18,134.6570416666667,20.618444444444442,14.434208333333288,-3.6688611111111094,14.893183409288008,-0.09538388648682705,1.164046781764137,3.0736514301658193
2020-Aug-19,149.09124999999997,16.949583333333333,14.0217916666667,-4.729083333333332,14.797799522801181,-0.13523523326597697,1.0686628952773098,4.237698211929956
2020-Aug-20,163.11304166666667,12.220500000000001,13.603916666666663,-5.470305555555558,14.662564289535204,-0.13187826003725078,0.9334276620113329,5.306361107207266
2020-Aug-21,176.71695833333334,6.7501944444444435,13.29879166666666,-5.8551666666666655,14.530686029497954,-0.10169700511984203,0.8015494019740821,6.239788769218599
2020-Aug-22,190.01575,0.8950277777777779,13.175874999999962,-5.881500000000001,14.428989024378112,-0.05176908534436819,0.69985239685424,7.041338171192681
2020-Aug-23,203.19162499999996,-4.986472222222223,13.25529166666675,-5.567916666666666,14.377219939033743,0.010762562153662003,0.6480833115098719,7.741190568046921
2020-Aug-24,216.4469166666667,-10.554388888888889,13.512499999999989,-4.942305555555556,14.387982501187405,0.0661077494899871,0.6588458736635339,8.389273879556793
2020-Aug-25,229.9594166666667,-15.496694444444445,13.87829166666657,-4.039027777777777,14.454090250677393,0.08165333912660344,0.724953623153521,9.048119753220327
2020-Aug-26,243.83770833333327,-19.535722222222223,14.24262500000006,-2.904388888888885,14.535743589803996,0.02673151692122211,0.8066069622801244,9.773073376373848
2020-Aug-27,258.08033333333333,-22.440111111111108,14.473625000000084,-1.6061944444444514,14.562475106725218,-0.09977126486233168,0.8333384792013465,10.579680338653972
2020-Aug-28,272.5539583333334,-24.04630555555556,14.460749999999905,-0.23772222222221728,14.462703841862886,-0.25705873144693037,0.7335672143390148,11.413018817855319
2020-Aug-29,287.0147083333333,-24.284027777777776,14.163499999999942,1.0934444444444402,14.205645110415956,-0.3848039815742048,0.4765084828920845,12.146586032194334
2020-Aug-30,301.17820833333326,-23.190583333333336,13.630041666666784,2.2885833333333316,13.820841128841751,-0.44303903364157193,0.09170450131787966,12.623094515086418
2020-Aug-31,314.80825000000004,-20.902000000000005,12.969541666666714,3.2797222222222224,13.37780209520018,-0.4299989092236416,-0.3513345323236923,12.714799016404298
2020-Sep-01,327.77779166666676,-17.622277777777782,12.302458333333277,4.036722222222227,12.947803185976538,-0.36777240688948254,-0.7813334415473339,12.363464484080605
2020-Sep-02,340.08025000000004,-13.585555555555555,11.724583333333328,4.559750000000001,12.580030779087055,-0.2797266890740797,-1.1491058484368164,11.582131042533272
2020-Sep-03,351.80483333333336,-9.025805555555554,11.296833333333325,4.866111111111109,12.300304090012975,-0.1795706679284823,-1.4288325375108961,10.433025194096455
2020-Sep-04,3.101666666666667,-4.159694444444445,11.051208333333332,4.97825,12.120733422084493,-0.07097719728224483,-1.6084032054393784,9.004192656585559
2020-Sep-05,14.152874999999998,0.8185555555555556,11.001666666666669,4.915277777777779,12.049756224802248,0.04647317859093292,-1.6793804027216233,7.395789451146181
2020-Sep-06,25.154541666666667,5.733833333333334,11.150708333333327,4.6883333333333335,12.096229403393181,0.17259382201926954,-1.6329072241306903,5.716409048424557
2020-Sep-07,36.305249999999994,10.422166666666667,11.491333333333344,4.2980555555555515,12.26882322541245,0.3013723280817846,-1.4603134021114208,4.083501824293867
2020-Sep-08,47.79658333333334,14.720222222222219,12.00249999999999,3.734944444444448,12.570195553494235,0.41733405454273864,-1.1589410740296362,2.623188422182446
2020-Sep-09,59.79908333333333,18.455166666666667,12.640291666666656,2.983111111111107,12.987529608036974,0.4942475949265912,-0.7416070194868976,1.46424734815281
2020-Sep-10,72.43937499999998,21.438277777777774,13.328208333333365,2.029083333333336,13.481777202963565,0.5031665553718128,-0.24735942456030635,0.7226403286659124
2020-Sep-11,85.76758333333335,23.46736111111111,13.95745833333332,0.8763611111111089,13.984943758335378,0.4310916855167868,0.2558071308115064,0.4752809041056061
2020-Sep-12,99.72504166666667,24.34372222222222,14.409374999999969,-0.43816666666666393,14.416035443852165,0.299669324112676,0.6868988163282932,0.7310880349171125
2020-Sep-13,114.13441666666664,23.905555555555555,14.600833333333398,-1.8351111111111074,14.71570476796484,0.15961175014286688,0.9865681404409692,1.4179868512454057
2020-Sep-14,128.73525000000004,22.070444444444448,14.526916666666637,-3.2005833333333378,14.875316518107708,0.05712206335642023,1.146179890583836,2.404554991686375
2020-Sep-15,143.26216666666667,18.86986111111111,14.26675000000003,-4.408805555555558,14.932438581464128,0.0034990843401043747,1.2033019539402563,3.550734882270211
2020-Sep-16,157.5289166666667,14.461055555555552,13.945499999999981,-5.348388888888884,14.935937665804232,-0.01907961007339587,1.2068010382803607,4.754036836210467
2020-Sep-17,171.47441666666668,9.112666666666668,13.683624999999978,-5.938944444444445,14.916858055730836,-0.028949041222883665,1.1877214282069648,5.960837874490828
2020-Sep-18,185.15804166666666,3.1737222222222226,13.56420833333334,-6.1369444444444445,14.887909014507953,-0.030544218244976662,1.1587723869840811,7.148559302697793
2020-Sep-19,198.72225,-2.963222222222222,13.620791666666605,-5.934249999999998,14.857364796262976,-0.021242645680109362,1.1282281687391045,8.307331689681874
2020-Sep-20,212.3430416666666,-8.89747222222222,13.836791666666727,-5.352916666666667,14.836122150582867,-0.009131958742926827,1.1069855230589951,9.435559858420978
2020-Sep-21,226.17983333333333,-14.250388888888887,14.146416666666596,-4.440555555555557,14.82699019183994,-0.02017685248845069,1.0978535643160683,10.542545381479973
2020-Sep-22,240.32624999999993,-18.690944444444444,14.441791666666688,-3.267472222222221,14.80681333935149,-0.083024016827137,1.0776767118276176,11.640398945796042
2020-Sep-23,254.76804166666662,-21.958416666666665,14.597291666666678,-1.9258888888888919,14.723789322524352,-0.20097656437793532,0.9946526950004806,12.71807565762366
2020-Sep-24,269.3653333333333,-23.884305555555557,14.513333333333378,-0.5246388888888909,14.522812758146417,-0.33722468335101574,0.7936761306225453,13.71272835262414
2020-Sep-25,283.8786666666667,-24.408944444444447,14.16149999999999,0.8263333333333378,14.185588074795401,-0.43777370910346924,0.45645144727152953,14.506404483246685
2020-Sep-26,298.04016666666666,-23.58261111111111,13.596124999999972,2.0366111111111067,13.747814365691932,-0.4687018482759804,0.018677738168060287,14.962855930518215
2020-Sep-27,311.63629166666664,-21.546000000000003,12.924125000000004,3.0498888888888906,13.279112517415951,-0.4322912955059106,-0.4500241101079201,14.981533668686275
2020-Sep-28,324.56041666666664,-18.496111111111112,12.25825000000009,3.84397222222222,12.84682122191004,-0.35288046415961283,-0.8823154056138307,14.531509558578355
2020-Sep-29,336.81866666666673,-14.652138888888892,11.685749999999928,4.420611111111114,12.493940757750428,-0.25555233188541315,-1.2351958697734435,13.649194152964524
2020-Sep-30,348.50441666666666,-10.231527777777778,11.26083333333338,4.792888888888889,12.238388425865015,-0.15542896439969844,-1.4907482016588567,12.41399828319108
2020-Oct-01,359.76525000000004,-5.438638888888889,11.010958333333292,4.975611111111111,12.082959461465316,-0.05674055426524127,-1.6461771660585551,10.923250081532224
2020-Oct-02,10.776208333333333,-0.4630277777777778,10.946541666666665,4.980277777777777,12.026218907200075,0.04253158816150204,-1.7029177203237964,9.277072915473669
2020-Oct-03,21.722749999999998,4.51725,11.067666666666675,4.81263888888889,12.068750495361577,0.1450331423346647,-1.6603861321622944,7.5741551951498725
2020-Oct-04,32.79041666666667,9.32988888888889,11.36558333333332,4.472138888888885,12.213783637696242,0.24929890643129582,-1.5153529898276297,5.913769062987578
2020-Oct-05,44.15599999999999,13.802027777777775,11.819625000000016,3.952833333333336,12.463082544127538,0.34534607085366,-1.2660540833963339,4.398416073159948
2020-Oct-06,55.97562500000001,17.75486111111111,12.390291666666656,3.246000000000002,12.808428614981198,0.4138404025013678,-0.9207080125426739,3.1323619897636146
2020-Oct-07,68.36591666666666,21.000861111111114,13.012416666666681,2.346361111111108,13.222269017482565,0.43156446572753815,-0.5068676100413061,2.2116539772209407
2020-Oct-08,81.37833333333334,23.34722222222222,13.595458333333312,1.261222222222223,13.653833483210104,0.3862244332945579,-0.07530314431376794,1.7047863671796346
2020-Oct-09,94.97379166666666,24.608444444444444,14.04004166666671,0.0213611111111085,14.040057916504662,0.2922168119526276,0.31092128898078997,1.6294832228658667
2020-Oct-10,109.01383333333337,24.629805555555553,14.272000000000006,-1.3130555555555574,14.33227472845729,0.19034707747208657,0.6031381009334176,1.9404045118466566
2020-Oct-11,123.28583333333337,23.316749999999995,14.277666666666661,-2.6560833333333314,14.522621805929376,0.1228386179096006,0.7934851784055041,2.543542612780074
2020-Oct-12,137.56350000000003,20.660666666666664,14.11424999999997,-3.908638888888891,14.645460423838976,0.10362283606961675,0.9163237963151047,3.3370277911855784
2020-Oct-13,151.67775,16.752027777777773,13.88558333333333,-4.972527777777774,14.749083259908593,0.11461643334340721,1.0199466323847215,4.253351587500683
2020-Oct-14,165.56333333333333,11.779499999999999,13.702541666666633,-5.759333333333332,14.863699693252,0.1271466757683264,1.1345630657281287,5.273298219885405
2020-Oct-15,179.26587499999997,6.020166666666666,13.650750000000073,-6.195361111111111,14.990846369020327,0.1252594550831212,1.261709741496455,6.407861285613533
2020-Oct-16,192.91662500000004,-0.17519444444444446,13.773916666666679,-6.227027777777778,15.116105824103448,0.10894762416088,1.3869691965795763,7.669571027109988
2020-Oct-17,206.69054166666672,-6.402222222222222,14.064624999999921,-5.829972222222222,15.225053448264328,0.08017426112017922,1.4959168207404563,9.056540223689565
2020-Oct-18,220.75516666666664,-12.232194444444444,14.458750000000009,-5.019416666666663,15.305227709384507,0.024497419375695273,1.5760910818606355,10.552457044430021
2020-Oct-19,235.21391666666665,-17.251611111111107,14.836375000000032,-3.8577777777777804,15.329725128760202,-15.329725128760202,1.6005885012363308,12.128548126290656
2020-Oct-20,250.05029166666668,-21.109388888888887,0.0,0.0,0.0,0.0,-13.729136627523872,13.729136627526987
